<?xml version='1.0' encoding='ISO-8859-1' ?>

<toc version="1.0">

<tocitem target="docmain.html" image="img/eslogo-16.gif">EasySpin Toolbox
  <tocitem target="examplesmain.html" image="$toolbox/matlab/icons/demoicon.gif">Examples</tocitem>
  <tocitem target="funcsalphabet.html" image="$toolbox/matlab/icons/reficon.gif">Functions - Alphabetical List</tocitem>
  <tocitem target="funcscategory.html" image="$toolbox/matlab/icons/reficon.gif">Functions - Categorical List</tocitem>
  <tocitem target="releases.html" image="$toolbox/matlab/icons/notesicon.gif">Release Notes</tocitem>
  <tocitem target="http://easyspin.org" image="$toolbox/matlab/icons/webicon.gif">EasySpin Web Site</tocitem>
</tocitem>

</toc>

